"FirstName","LastName","Department","Username"
"Aled","Melia","IT","amelia"
"Enya","Townsend","IT","etownsend"
"Bonnie","Weston","IT","bweston"
"Cassian","Cresswell","IT","ccresswell"
"Borys","Nicholls","IT","bnicholls"
"Oran","Mora","Accounting","omora"
"Deniz","Garcia","Accounting","dgarcia"
"Emily","Hornby","Accounting","ehornby"
"Charles","Burn","Accounting","cburn"
"Scarlett","Case","Accounting","scase"
"Danny","Tran","Engineering","dtran"
"Raymond","Diep","Engineering","rdiep"
"Pheobe","Meadows","Design","pmeadows"
"Kelsie","Hutchinson","Design","khutchinson"
"Arianna","Townsend","Design","atownsend"
"Doris","Howell","Design","dhowell"
"Scarlett","Bain","Design","sbain"
"Tillie","Briggs","Design","tbriggs"
"Madison","Mcgill","Design","mmcgill"
"Aleah","Obrien","Sales","aobrien"
"Zofia","Carver","Sales","zcarver"
"Abdirahman","Singh","Sales","asingh"
"Carolyn","Barrett","Sales","cbarrett"
"Leila","Bernard","Sales","lbernard"
"Kodi","Moses","Sales","kmoses"
"Raja","Bernal","Sales","rbernal"
